

[
    {
      "name": "abc ",
      "gmail": "abc.com",
      "full_name": "abc abc.com"

    },
    {
      "name": "cdf ",
      "gmail": "cdf.com",
      "full_name" : "cdf cdf.com"
     
    },
    {
      "name": "fgh",
      "gmail": "fgh.com",
      "full_name" : "fgh fgh.com"
      
    },
    {
      "name": "ijk",
      "gmail": "ijk.com",
      "full_name" : "ijk ijk.com"
      
    },
    {
      "name": "jkl",
      "gmail": "jkl.com",
      "full_name" : "jkl jkl.com"
    
    },
    {
      "name": "lmn",
      "gmail": "lmn.com",
      "full_name" : "lmn lmn.com"
  
    },
    {
      "name": "nop",
      "gmail": "nop.com",
      "full_name" : "nop nop.com"
   
    },
    {
      "name": "pqr",
      "full_name": "pqr pqr.com"
    }
  ]